ADDRESS_0,ADDRESS_1,ADDRESS_2
Koekjeslaan 175,Koekjeslaan 38,Frikandelstraat 127
Erwtensoepweg 143,Patatstraat 55,Patatstraat 182
Hutspotstraat 55,Koekjeslaan 36,Speculaashof 57
Speculaashof 111,Kroketstraat 130,Pepernoothof 152
Pepernoothof 24,Haringpad 187,Goudaerf 149
Patatstraat 150,Speculaashof 119,Haringpad 59
Boerenkooldijk 102,Patatstraat 96,Poffertjeslaan 22
Pepernoothof 25,Hutspotstraat 114,Appeltaartlaan 50
Erwtensoepweg 169,Speculaashof 55,Satepad 58
Rookworstlaan 195,Hutspotstraat 200,Satepad 179
Boerenkooldijk 118,Dropjessteeg 118,Haringpad 98
Poffertjeslaan 147,Boerenkooldijk 110,Kaasweg 171
Haringpad 185,Patatstraat 160,Boerenkooldijk 126
Erwtensoepweg 150,Goudaerf 200,Patatstraat 80
Poffertjeslaan 101,Boerenkooldijk 95,Rookworstlaan 121
Haringpad 180,Patatstraat 165,Boerenkooldijk 186
Oliebollenpad 109,Poffertjeslaan 39,Patatstraat 170
Goudaerf 147,Haringpad 200,Haringpad 121
Pepernoothof 42,Hutspotstraat 19,Bitterbalplein 87
Satepad 172,Speculaashof 145,Erwtensoepweg 95
Goudaerf 86,Stroopwafelstraat 23,Haringpad 2
Haringpad 175,Patatstraat 136,Rookworstlaan 59
Koekjeslaan 38,Haringpad 175,Haringpad 121
Speculaashof 145,Erwtensoepweg 143,Haringpad 2
Koekjeslaan 36,Speculaashof 111,Frikandelstraat 127
Boerenkooldijk 186,Koekjeslaan 175,Rookworstlaan 59
Patatstraat 136,Goudaerf 149,Speculaashof 57
Speculaashof 119,Pepernoothof 24,Kroketstraat 130
Patatstraat 96,Patatstraat 150,Erwtensoepweg 95
Hutspotstraat 114,Boerenkooldijk 102,Haringpad 59
Speculaashof 55,Pepernoothof 25,Pepernoothof 152
Hutspotstraat 200,Erwtensoepweg 169,Appeltaartlaan 50
Dropjessteeg 118,Rookworstlaan 195,Satepad 58
Boerenkooldijk 110,Boerenkooldijk 118,Satepad 179
Patatstraat 160,Poffertjeslaan 147,Haringpad 98
Goudaerf 200,Haringpad 185,Kaasweg 171
Boerenkooldijk 95,Erwtensoepweg 150,Boerenkooldijk 126
Patatstraat 165,Poffertjeslaan 101,Patatstraat 55
Poffertjeslaan 39,Haringpad 180,Rookworstlaan 121
Haringpad 200,Oliebollenpad 109,Patatstraat 182
Hutspotstraat 19,Goudaerf 147,Poffertjeslaan 22
Patatstraat 80,Pepernoothof 42,Satepad 172
Stroopwafelstraat 23,Patatstraat 170,Hutspotstraat 55
Haringpad 187,Goudaerf 86,Bitterbalplein 87
Frikandelstraat 127,Poffertjeslaan 39,Hutspotstraat 19
Goudaerf 149,Goudaerf 86,Patatstraat 80
Speculaashof 57,Haringpad 175,Stroopwafelstraat 23
Kroketstraat 130,Satepad 172,Haringpad 200
Rookworstlaan 59,Erwtensoepweg 143,Koekjeslaan 38
Haringpad 59,Hutspotstraat 55,Speculaashof 145
Patatstraat 170,Haringpad 185,Boerenkooldijk 110
Appeltaartlaan 50,Pepernoothof 24,Boerenkooldijk 186
Satepad 58,Patatstraat 150,Patatstraat 136
Satepad 179,Boerenkooldijk 102,Speculaashof 119
Haringpad 98,Pepernoothof 25,Patatstraat 96
Kaasweg 171,Erwtensoepweg 169,Hutspotstraat 114
Boerenkooldijk 126,Rookworstlaan 195,Speculaashof 55
Patatstraat 55,Boerenkooldijk 118,Hutspotstraat 200
Rookworstlaan 121,Poffertjeslaan 147,Dropjessteeg 118
Patatstraat 182,Speculaashof 111,Koekjeslaan 175
Poffertjeslaan 22,Erwtensoepweg 150,Patatstraat 160
Pepernoothof 152,Poffertjeslaan 101,Goudaerf 200
Bitterbalplein 87,Haringpad 180,Boerenkooldijk 95
Erwtensoepweg 95,Oliebollenpad 109,Koekjeslaan 36
Haringpad 2,Goudaerf 147,Patatstraat 165
Haringpad 121,Pepernoothof 42,Haringpad 187
